nodeid,sensorname,timestamp,timestampint,reading,time_s
4,Bin 4,2021-08-19 18:18:53,1629393533000,0.19025875627994535,1.0
4,Bin 4,2021-08-19 18:18:55,1629393535000,0.0,3.0
4,Bin 4,2021-08-19 18:18:58,1629393538000,0.2181500941514969,6.0
4,Bin 4,2021-08-19 18:19:00,1629393540000,0.0,8.0
4,Bin 4,2021-08-19 18:19:03,1629393543000,0.0,11.0
4,Bin 4,2021-08-19 18:19:05,1629393545000,0.0,13.0
4,Bin 4,2021-08-19 18:19:08,1629393548000,0.0,16.0
4,Bin 4,2021-08-19 18:19:11,1629393551000,0.0,19.0
4,Bin 4,2021-08-19 18:19:13,1629393553000,0.2102651447057724,21.0
4,Bin 4,2021-08-19 18:19:16,1629393556000,0.3574109077453613,24.0
4,Bin 4,2021-08-19 18:19:19,1629393559000,0.0,27.0
4,Bin 4,2021-08-19 18:19:21,1629393561000,0.0,29.000000000000004
4,Bin 4,2021-08-19 18:19:24,1629393564000,0.0,32.0
4,Bin 4,2021-08-19 18:19:27,1629393567000,0.17929179966449738,35.0
4,Bin 4,2021-08-19 18:19:30,1629393570000,0.0,38.0
4,Bin 4,2021-08-19 18:19:32,1629393572000,0.2023636102676392,40.0
4,Bin 4,2021-08-19 18:19:35,1629393575000,0.0,43.0
4,Bin 4,2021-08-19 18:19:37,1629393577000,0.0,45.0
4,Bin 4,2021-08-19 18:19:40,1629393580000,0.7099583745002747,48.0
4,Bin 4,2021-08-19 18:19:42,1629393582000,0.6251562833786011,50.0
4,Bin 4,2021-08-19 18:19:45,1629393585000,1.0345113277435305,53.0
4,Bin 4,2021-08-19 18:19:47,1629393587000,1.307218074798584,55.0
4,Bin 4,2021-08-19 18:19:50,1629393590000,1.970831632614136,58.00000000000001
4,Bin 4,2021-08-19 18:19:53,1629393593000,1.1077877283096311,61.00000000000001
4,Bin 4,2021-08-19 18:19:55,1629393595000,0.6884681582450867,63.00000000000001
4,Bin 4,2021-08-19 18:19:58,1629393598000,0.4699468910694122,66.0
4,Bin 4,2021-08-19 18:20:00,1629393600000,2.6674425601959233,68.0
4,Bin 4,2021-08-19 18:20:03,1629393603000,2.9684600830078125,71.0
4,Bin 4,2021-08-19 18:20:05,1629393605000,3.104465246200561,73.0
4,Bin 4,2021-08-19 18:20:08,1629393608000,4.4787025451660165,76.0
4,Bin 4,2021-08-19 18:20:10,1629393610000,3.2710280418396,78.0
4,Bin 4,2021-08-19 18:20:13,1629393613000,2.595245599746704,81.0
4,Bin 4,2021-08-19 18:20:15,1629393615000,5.207558631896973,83.0
4,Bin 4,2021-08-19 18:20:18,1629393618000,4.452690124511719,86.0
4,Bin 4,2021-08-19 18:20:20,1629393620000,5.285285472869873,88.0
4,Bin 4,2021-08-19 18:20:23,1629393623000,5.242464065551758,91.0
4,Bin 4,2021-08-19 18:20:25,1629393625000,7.323503494262695,93.0
4,Bin 4,2021-08-19 18:20:27,1629393627000,4.108369827270509,95.0
4,Bin 4,2021-08-19 18:20:30,1629393630000,4.995005130767822,98.0
4,Bin 4,2021-08-19 18:20:32,1629393632000,4.251130104064941,100.0
4,Bin 4,2021-08-19 18:20:35,1629393635000,5.602241039276123,103.0
4,Bin 4,2021-08-19 18:20:37,1629393637000,6.730936050415039,105.0
4,Bin 4,2021-08-19 18:20:40,1629393640000,3.202230215072632,108.0
4,Bin 4,2021-08-19 18:20:42,1629393642000,3.0696032047271733,110.0
4,Bin 4,2021-08-19 18:20:45,1629393645000,3.863904714584351,113.0
4,Bin 4,2021-08-19 18:20:47,1629393647000,3.955613851547241,115.00000000000001
4,Bin 4,2021-08-19 18:20:50,1629393650000,4.1669559478759775,118.00000000000001
4,Bin 4,2021-08-19 18:20:52,1629393652000,5.070546627044678,120.00000000000001
4,Bin 4,2021-08-19 18:20:55,1629393655000,5.253605842590332,123.00000000000001
4,Bin 4,2021-08-19 18:20:57,1629393657000,5.920662879943848,125.00000000000001
4,Bin 4,2021-08-19 18:21:00,1629393660000,4.864714622497559,128.0
4,Bin 4,2021-08-19 18:21:02,1629393662000,6.847697734832764,130.0
4,Bin 4,2021-08-19 18:21:05,1629393665000,9.35304355621338,133.0
4,Bin 4,2021-08-19 18:21:07,1629393667000,7.786256313323975,135.0
4,Bin 4,2021-08-19 18:21:10,1629393670000,6.811370372772218,138.0
4,Bin 4,2021-08-19 18:21:12,1629393672000,6.237006187438965,140.0
4,Bin 4,2021-08-19 18:21:14,1629393674000,9.140768051147461,142.0
4,Bin 4,2021-08-19 18:21:17,1629393677000,9.881422996520996,145.0
4,Bin 4,2021-08-19 18:21:20,1629393680000,10.185057640075684,148.0
4,Bin 4,2021-08-19 18:21:23,1629393683000,11.370527267456055,151.0
4,Bin 4,2021-08-19 18:21:26,1629393686000,10.57361888885498,154.0
4,Bin 4,2021-08-19 18:21:28,1629393688000,11.57736873626709,156.0
4,Bin 4,2021-08-19 18:21:31,1629393691000,9.82091236114502,159.0
4,Bin 4,2021-08-19 18:21:34,1629393694000,11.883273124694824,162.0
4,Bin 4,2021-08-19 18:21:37,1629393697000,8.062930107116701,165.0
4,Bin 4,2021-08-19 18:21:40,1629393700000,13.206281661987305,168.0
4,Bin 4,2021-08-19 18:21:42,1629393702000,13.53934383392334,170.0
4,Bin 4,2021-08-19 18:21:45,1629393705000,9.671993255615234,173.0
4,Bin 4,2021-08-19 18:21:47,1629393707000,9.129129409790039,175.0
4,Bin 4,2021-08-19 18:21:50,1629393710000,10.66201400756836,178.0
4,Bin 4,2021-08-19 18:21:52,1629393712000,8.690194129943848,180.0
4,Bin 4,2021-08-19 18:21:55,1629393715000,10.043912887573242,183.0
4,Bin 4,2021-08-19 18:21:57,1629393717000,9.50763988494873,185.0
4,Bin 4,2021-08-19 18:21:59,1629393719000,10.153265953063963,187.0
4,Bin 4,2021-08-19 18:22:02,1629393722000,10.674835205078123,190.0
4,Bin 4,2021-08-19 18:22:04,1629393724000,10.47691822052002,192.0
4,Bin 4,2021-08-19 18:22:07,1629393727000,9.809566497802734,195.0
4,Bin 4,2021-08-19 18:22:09,1629393729000,11.222393989562988,197.0
4,Bin 4,2021-08-19 18:22:12,1629393732000,9.772727012634276,200.0
4,Bin 4,2021-08-19 18:22:14,1629393734000,11.28126335144043,202.0
4,Bin 4,2021-08-19 18:22:17,1629393737000,15.639863967895508,205.0
4,Bin 4,2021-08-19 18:22:20,1629393740000,12.603675842285154,208.0
4,Bin 4,2021-08-19 18:22:23,1629393743000,15.324851036071776,211.0
4,Bin 4,2021-08-19 18:22:25,1629393745000,11.30308437347412,213.0
4,Bin 4,2021-08-19 18:22:28,1629393748000,11.306147575378418,216.0
4,Bin 4,2021-08-19 18:22:30,1629393750000,10.507472038269043,218.0
4,Bin 4,2021-08-19 18:22:34,1629393754000,10.513035774230957,222.0
4,Bin 4,2021-08-19 18:22:36,1629393756000,11.759822845458984,224.0
4,Bin 4,2021-08-19 18:22:39,1629393759000,8.964487075805664,227.0
4,Bin 4,2021-08-19 18:22:42,1629393762000,12.061403274536133,230.00000000000003
4,Bin 4,2021-08-19 18:22:44,1629393764000,9.831767082214355,232.00000000000003
4,Bin 4,2021-08-19 18:22:47,1629393767000,10.019583702087402,235.00000000000003
4,Bin 4,2021-08-19 18:22:49,1629393769000,7.498535633087157,237.00000000000003
4,Bin 4,2021-08-19 18:22:52,1629393772000,10.758472442626953,240.00000000000003
4,Bin 4,2021-08-19 18:22:54,1629393774000,9.141583442687988,242.00000000000003
4,Bin 4,2021-08-19 18:22:57,1629393777000,8.947081565856934,245.00000000000003
4,Bin 4,2021-08-19 18:22:59,1629393779000,8.615979194641112,247.00000000000003
4,Bin 4,2021-08-19 18:23:02,1629393782000,11.821232795715332,250.00000000000003
4,Bin 4,2021-08-19 18:23:04,1629393784000,10.162212371826172,252.00000000000003
4,Bin 4,2021-08-19 18:23:07,1629393787000,10.327022552490234,255.00000000000003
4,Bin 4,2021-08-19 18:23:10,1629393790000,10.038873672485352,258.0
4,Bin 4,2021-08-19 18:23:12,1629393792000,6.639279842376709,260.0
4,Bin 4,2021-08-19 18:23:15,1629393795000,13.72178554534912,263.0
4,Bin 4,2021-08-19 18:23:17,1629393797000,7.338340759277344,265.0
4,Bin 4,2021-08-19 18:23:20,1629393800000,9.786477088928224,268.0
4,Bin 4,2021-08-19 18:23:23,1629393803000,11.986814498901367,271.0
4,Bin 4,2021-08-19 18:23:26,1629393806000,11.616161346435547,274.0
4,Bin 4,2021-08-19 18:23:29,1629393809000,11.334076881408693,277.0
4,Bin 4,2021-08-19 18:23:32,1629393812000,9.533468246459961,280.0
4,Bin 4,2021-08-19 18:23:34,1629393814000,8.830738067626953,282.0
4,Bin 4,2021-08-19 18:23:37,1629393817000,7.069232940673827,285.0
4,Bin 4,2021-08-19 18:23:40,1629393820000,12.686965942382812,288.0
4,Bin 4,2021-08-19 18:23:43,1629393823000,10.293756484985352,291.0
4,Bin 4,2021-08-19 18:23:46,1629393826000,7.83198356628418,294.0
4,Bin 4,2021-08-19 18:23:48,1629393828000,8.558979034423826,296.0
4,Bin 4,2021-08-19 18:23:51,1629393831000,7.5885329246521,299.0
4,Bin 4,2021-08-19 18:23:53,1629393833000,8.101340293884277,301.0
4,Bin 4,2021-08-19 18:23:56,1629393836000,12.485136985778807,304.0
4,Bin 4,2021-08-19 18:23:59,1629393839000,7.352941036224365,307.0
4,Bin 4,2021-08-19 18:24:01,1629393841000,7.633902549743652,309.0
4,Bin 4,2021-08-19 18:24:04,1629393844000,8.882429122924805,312.0
4,Bin 4,2021-08-19 18:24:06,1629393846000,9.027777671813963,314.0
4,Bin 4,2021-08-19 18:24:09,1629393849000,6.592826843261719,317.0
4,Bin 4,2021-08-19 18:24:11,1629393851000,7.638888835906982,319.0
4,Bin 4,2021-08-19 18:24:14,1629393854000,6.7232346534729,322.0
4,Bin 4,2021-08-19 18:24:16,1629393856000,6.553740501403809,324.0
4,Bin 4,2021-08-19 18:24:18,1629393858000,6.72301197052002,326.0
4,Bin 4,2021-08-19 18:24:21,1629393861000,12.256669044494627,329.0
4,Bin 4,2021-08-19 18:24:24,1629393864000,10.282328605651855,332.0
4,Bin 4,2021-08-19 18:24:27,1629393867000,8.658743858337402,335.0
4,Bin 4,2021-08-19 18:24:29,1629393869000,7.142857074737549,337.0
4,Bin 4,2021-08-19 18:24:32,1629393872000,7.495590686798097,340.0
4,Bin 4,2021-08-19 18:24:34,1629393874000,9.08909511566162,342.0
4,Bin 4,2021-08-19 18:24:37,1629393877000,9.36449146270752,345.0
4,Bin 4,2021-08-19 18:24:39,1629393879000,9.538484573364258,347.0
4,Bin 4,2021-08-19 18:24:42,1629393882000,6.836325168609619,350.0
4,Bin 4,2021-08-19 18:24:44,1629393884000,7.0938215255737305,352.0
4,Bin 4,2021-08-19 18:24:47,1629393887000,8.566909790039062,355.0
4,Bin 4,2021-08-19 18:24:49,1629393889000,6.318082809448242,357.0
4,Bin 4,2021-08-19 18:24:52,1629393892000,7.872244834899902,360.0
4,Bin 4,2021-08-19 18:24:54,1629393894000,10.696391105651855,362.0
4,Bin 4,2021-08-19 18:24:57,1629393897000,10.178914070129396,365.0
4,Bin 4,2021-08-19 18:25:00,1629393900000,7.684529781341553,368.0
4,Bin 4,2021-08-19 18:25:02,1629393902000,7.0778565406799325,370.0
4,Bin 4,2021-08-19 18:25:05,1629393905000,10.891524314880373,373.0
4,Bin 4,2021-08-19 18:25:08,1629393908000,8.426714897155763,376.0
4,Bin 4,2021-08-19 18:25:11,1629393911000,11.472126960754395,379.0
4,Bin 4,2021-08-19 18:25:14,1629393914000,11.156267166137695,382.0
4,Bin 4,2021-08-19 18:25:16,1629393916000,7.644505977630615,384.0
4,Bin 4,2021-08-19 18:25:18,1629393918000,9.990253448486328,386.0
4,Bin 4,2021-08-19 18:25:21,1629393921000,7.01624059677124,389.0
4,Bin 4,2021-08-19 18:25:24,1629393924000,6.654123306274414,392.0
4,Bin 4,2021-08-19 18:25:26,1629393926000,7.705779552459718,394.0
4,Bin 4,2021-08-19 18:25:28,1629393928000,6.54450273513794,396.0
4,Bin 4,2021-08-19 18:25:31,1629393931000,8.378623008728027,399.0
4,Bin 4,2021-08-19 18:25:34,1629393934000,9.861305236816406,402.0
4,Bin 4,2021-08-19 18:25:37,1629393937000,8.742022514343263,405.0
4,Bin 4,2021-08-19 18:25:39,1629393939000,8.322929382324219,407.0
4,Bin 4,2021-08-19 18:25:42,1629393942000,7.758983612060548,410.0
4,Bin 4,2021-08-19 18:25:45,1629393945000,6.93874979019165,413.0
4,Bin 4,2021-08-19 18:25:47,1629393947000,5.44425106048584,415.0
4,Bin 4,2021-08-19 18:25:49,1629393949000,5.49199104309082,417.0
4,Bin 4,2021-08-19 18:25:52,1629393952000,8.695652008056639,420.0
4,Bin 4,2021-08-19 18:25:54,1629393954000,6.6622252464294425,422.0
4,Bin 4,2021-08-19 18:25:57,1629393957000,5.711306095123291,425.0
4,Bin 4,2021-08-19 18:25:59,1629393959000,6.814052104949951,427.0
4,Bin 4,2021-08-19 18:26:02,1629393962000,7.9012346267700195,430.0
4,Bin 4,2021-08-19 18:26:04,1629393964000,7.994185924530028,432.0
4,Bin 4,2021-08-19 18:26:07,1629393967000,5.550621509552002,435.0
4,Bin 4,2021-08-19 18:26:09,1629393969000,6.498401165008545,437.0
4,Bin 4,2021-08-19 18:26:12,1629393972000,9.820047378540039,440.0
4,Bin 4,2021-08-19 18:26:14,1629393974000,8.349640846252441,442.0
4,Bin 4,2021-08-19 18:26:16,1629393976000,6.1715145111083975,444.0
4,Bin 4,2021-08-19 18:26:19,1629393979000,8.488752365112305,447.0
4,Bin 4,2021-08-19 18:26:21,1629393981000,4.624277591705322,449.0
4,Bin 4,2021-08-19 18:26:24,1629393984000,4.331712722778319,452.0
4,Bin 4,2021-08-19 18:26:26,1629393986000,6.874033451080322,454.0
4,Bin 4,2021-08-19 18:26:29,1629393989000,7.447865009307861,457.00000000000006
4,Bin 4,2021-08-19 18:26:31,1629393991000,6.485954761505128,459.00000000000006
4,Bin 4,2021-08-19 18:26:34,1629393994000,9.582623481750488,462.00000000000006
4,Bin 4,2021-08-19 18:26:37,1629393997000,6.401303768157959,465.00000000000006
4,Bin 4,2021-08-19 18:26:40,1629394000000,6.9035682678222665,468.00000000000006
4,Bin 4,2021-08-19 18:26:43,1629394003000,5.970785617828369,471.00000000000006
4,Bin 4,2021-08-19 18:26:45,1629394005000,5.263157844543457,473.00000000000006
4,Bin 4,2021-08-19 18:26:48,1629394008000,6.049606800079347,476.00000000000006
4,Bin 4,2021-08-19 18:26:50,1629394010000,7.053469657897949,478.00000000000006
4,Bin 4,2021-08-19 18:26:53,1629394013000,3.622778177261353,481.00000000000006
4,Bin 4,2021-08-19 18:26:55,1629394015000,8.703619003295897,483.00000000000006
4,Bin 4,2021-08-19 18:26:57,1629394017000,6.404508590698242,485.00000000000006
4,Bin 4,2021-08-19 18:27:00,1629394020000,5.8665771484375,488.00000000000006
4,Bin 4,2021-08-19 18:27:02,1629394022000,7.08382511138916,490.00000000000006
4,Bin 4,2021-08-19 18:27:05,1629394025000,5.423728942871094,493.00000000000006
4,Bin 4,2021-08-19 18:27:07,1629394027000,6.1142635345458975,495.00000000000006
4,Bin 4,2021-08-19 18:27:10,1629394030000,5.518312454223633,498.00000000000006
4,Bin 4,2021-08-19 18:27:13,1629394033000,5.394821166992188,501.00000000000006
4,Bin 4,2021-08-19 18:27:15,1629394035000,7.240821361541747,503.00000000000006
4,Bin 4,2021-08-19 18:27:18,1629394038000,7.649646282196045,506.00000000000006
4,Bin 4,2021-08-19 18:27:20,1629394040000,4.485071182250977,508.00000000000006
4,Bin 4,2021-08-19 18:27:23,1629394043000,6.820324420928955,511.00000000000006
4,Bin 4,2021-08-19 18:27:26,1629394046000,6.723442554473878,514.0
4,Bin 4,2021-08-19 18:27:28,1629394048000,5.0069661140441895,516.0
4,Bin 4,2021-08-19 18:27:31,1629394051000,8.788575172424316,519.0
4,Bin 4,2021-08-19 18:27:34,1629394054000,7.2007203102111825,522.0
4,Bin 4,2021-08-19 18:27:37,1629394057000,5.5362043380737305,525.0
4,Bin 4,2021-08-19 18:27:39,1629394059000,4.833040237426758,527.0
4,Bin 4,2021-08-19 18:27:42,1629394062000,4.489337921142578,530.0
4,Bin 4,2021-08-19 18:27:44,1629394064000,4.782073974609375,532.0
4,Bin 4,2021-08-19 18:27:47,1629394067000,6.514110565185548,535.0
4,Bin 4,2021-08-19 18:27:50,1629394070000,6.0984625816345215,538.0
4,Bin 4,2021-08-19 18:27:52,1629394072000,7.188039302825928,540.0
4,Bin 4,2021-08-19 18:27:55,1629394075000,6.8983516693115225,543.0
4,Bin 4,2021-08-19 18:27:58,1629394078000,6.30903434753418,546.0
4,Bin 4,2021-08-19 18:28:01,1629394081000,5.47066593170166,549.0
4,Bin 4,2021-08-19 18:28:03,1629394083000,4.878876686096191,551.0
4,Bin 4,2021-08-19 18:28:06,1629394086000,6.37464714050293,554.0
4,Bin 4,2021-08-19 18:28:08,1629394088000,5.396071434020996,556.0
4,Bin 4,2021-08-19 18:28:11,1629394091000,5.213764190673828,559.0
4,Bin 4,2021-08-19 18:28:13,1629394093000,4.742547512054443,561.0
4,Bin 4,2021-08-19 18:28:16,1629394096000,5.834829330444336,564.0
4,Bin 4,2021-08-19 18:28:18,1629394098000,5.418138980865479,566.0
4,Bin 4,2021-08-19 18:28:21,1629394101000,4.810004711151123,569.0
4,Bin 4,2021-08-19 18:28:23,1629394103000,5.275931358337402,571.0
4,Bin 4,2021-08-19 18:28:26,1629394106000,7.786429405212402,574.0
4,Bin 4,2021-08-19 18:28:28,1629394108000,4.4779157638549805,576.0
4,Bin 4,2021-08-19 18:28:31,1629394111000,4.960317611694336,579.0
4,Bin 4,2021-08-19 18:28:34,1629394114000,7.086167812347412,582.0
4,Bin 4,2021-08-19 18:28:37,1629394117000,7.234581470489503,585.0
4,Bin 4,2021-08-19 18:28:39,1629394119000,4.90127420425415,587.0
4,Bin 4,2021-08-19 18:28:41,1629394121000,5.703880786895753,589.0
4,Bin 4,2021-08-19 18:28:44,1629394124000,6.1580567359924325,592.0
4,Bin 4,2021-08-19 18:28:46,1629394126000,2.817756175994873,594.0
4,Bin 4,2021-08-19 18:28:49,1629394129000,3.7481260299682617,597.0
4,Bin 4,2021-08-19 18:28:52,1629394132000,4.85273027420044,600.0
4,Bin 4,2021-08-19 18:28:54,1629394134000,4.378859043121338,602.0
4,Bin 4,2021-08-19 18:28:57,1629394137000,6.2716264724731445,605.0
4,Bin 4,2021-08-19 18:28:59,1629394139000,3.872633457183838,607.0
4,Bin 4,2021-08-19 18:29:02,1629394142000,5.952381134033202,610.0
4,Bin 4,2021-08-19 18:29:05,1629394145000,5.416433334350586,613.0
4,Bin 4,2021-08-19 18:29:08,1629394148000,5.081587791442871,616.0
4,Bin 4,2021-08-19 18:29:10,1629394150000,6.268937587738037,618.0
4,Bin 4,2021-08-19 18:29:13,1629394153000,3.88278079032898,621.0
4,Bin 4,2021-08-19 18:29:16,1629394156000,3.356106996536255,624.0
4,Bin 4,2021-08-19 18:29:19,1629394159000,5.941770553588867,627.0
4,Bin 4,2021-08-19 18:29:21,1629394161000,7.839038372039795,629.0
4,Bin 4,2021-08-19 18:29:24,1629394164000,5.582012176513672,632.0
4,Bin 4,2021-08-19 18:29:27,1629394167000,6.26029634475708,635.0
4,Bin 4,2021-08-19 18:29:30,1629394170000,6.47573709487915,638.0
4,Bin 4,2021-08-19 18:29:32,1629394172000,4.610116004943848,640.0
4,Bin 4,2021-08-19 18:29:35,1629394175000,5.2811431884765625,643.0
4,Bin 4,2021-08-19 18:29:38,1629394178000,6.464124202728272,646.0
4,Bin 4,2021-08-19 18:29:40,1629394180000,3.4381983280181885,648.0
4,Bin 4,2021-08-19 18:29:43,1629394183000,4.707211494445801,651.0
4,Bin 4,2021-08-19 18:29:46,1629394186000,6.116208076477051,654.0
4,Bin 4,2021-08-19 18:29:49,1629394189000,3.71503496170044,657.0
4,Bin 4,2021-08-19 18:29:52,1629394192000,5.872450351715088,660.0
4,Bin 4,2021-08-19 18:29:54,1629394194000,5.8622374534606925,662.0
4,Bin 4,2021-08-19 18:29:57,1629394197000,4.910144329071045,665.0
4,Bin 4,2021-08-19 18:30:00,1629394200000,6.473594665527344,668.0
4,Bin 4,2021-08-19 18:30:02,1629394202000,5.199855327606201,670.0
4,Bin 4,2021-08-19 18:30:05,1629394205000,3.914795637130737,673.0
4,Bin 4,2021-08-19 18:30:07,1629394207000,4.537891387939453,675.0
4,Bin 4,2021-08-19 18:30:09,1629394209000,5.086919784545898,677.0
4,Bin 4,2021-08-19 18:30:12,1629394212000,3.669170379638672,680.0
4,Bin 4,2021-08-19 18:30:14,1629394214000,4.378763198852538,682.0
4,Bin 4,2021-08-19 18:30:17,1629394217000,3.913894414901733,685.0
4,Bin 4,2021-08-19 18:30:20,1629394220000,3.66300368309021,688.0
4,Bin 4,2021-08-19 18:30:22,1629394222000,4.122938632965088,690.0
4,Bin 4,2021-08-19 18:30:25,1629394225000,4.3252596855163565,693.0
4,Bin 4,2021-08-19 18:30:28,1629394228000,4.570818901062012,696.0
4,Bin 4,2021-08-19 18:30:31,1629394231000,2.786351203918457,699.0
4,Bin 4,2021-08-19 18:30:34,1629394234000,4.888079643249512,702.0
4,Bin 4,2021-08-19 18:30:36,1629394236000,3.7383177280426025,704.0
4,Bin 4,2021-08-19 18:30:39,1629394239000,4.037621021270752,707.0
4,Bin 4,2021-08-19 18:30:41,1629394241000,5.772719860076903,709.0
4,Bin 4,2021-08-19 18:30:44,1629394244000,6.4583258628845215,712.0
4,Bin 4,2021-08-19 18:30:47,1629394247000,4.371903419494629,715.0
4,Bin 4,2021-08-19 18:30:50,1629394250000,5.5729708671569815,718.0
4,Bin 4,2021-08-19 18:30:52,1629394252000,3.869969129562378,720.0
4,Bin 4,2021-08-19 18:30:55,1629394255000,5.03158712387085,723.0
4,Bin 4,2021-08-19 18:30:58,1629394258000,5.8369812965393075,726.0
4,Bin 4,2021-08-19 18:31:00,1629394260000,3.7122588157653813,728.0
4,Bin 4,2021-08-19 18:31:03,1629394263000,4.954310417175293,731.0
4,Bin 4,2021-08-19 18:31:06,1629394266000,5.062265872955322,734.0
4,Bin 4,2021-08-19 18:31:08,1629394268000,4.19962215423584,736.0
4,Bin 4,2021-08-19 18:31:11,1629394271000,3.71929144859314,739.0
4,Bin 4,2021-08-19 18:31:14,1629394274000,5.328765869140625,742.0
4,Bin 4,2021-08-19 18:31:17,1629394277000,3.106072425842285,745.0
4,Bin 4,2021-08-19 18:31:19,1629394279000,3.0864198207855225,747.0
4,Bin 4,2021-08-19 18:31:22,1629394282000,3.653999567031861,750.0
4,Bin 4,2021-08-19 18:31:25,1629394285000,7.021334171295166,753.0
4,Bin 4,2021-08-19 18:31:28,1629394288000,5.13948917388916,756.0
4,Bin 4,2021-08-19 18:31:31,1629394291000,5.270040988922119,759.0
4,Bin 4,2021-08-19 18:31:35,1629394295000,3.0409421920776367,763.0
4,Bin 4,2021-08-19 18:31:37,1629394297000,3.23439884185791,765.0
4,Bin 4,2021-08-19 18:31:40,1629394300000,5.20142936706543,768.0
4,Bin 4,2021-08-19 18:31:43,1629394303000,4.1185388565063485,771.0
4,Bin 4,2021-08-19 18:31:46,1629394306000,6.074718952178955,774.0
4,Bin 4,2021-08-19 18:31:49,1629394309000,3.50812029838562,777.0
4,Bin 4,2021-08-19 18:31:52,1629394312000,3.2451143264770512,780.0
4,Bin 4,2021-08-19 18:31:54,1629394314000,3.988035917282105,782.0
4,Bin 4,2021-08-19 18:31:57,1629394317000,6.0987229347229,785.0
4,Bin 4,2021-08-19 18:31:59,1629394319000,2.7051210403442383,787.0
4,Bin 4,2021-08-19 18:32:02,1629394322000,1.0549412965774536,790.0
4,Bin 4,2021-08-19 18:32:05,1629394325000,5.098295211791992,793.0
4,Bin 4,2021-08-19 18:32:07,1629394327000,3.991856575012207,795.0
4,Bin 4,2021-08-19 18:32:10,1629394330000,4.474272727966309,798.0
4,Bin 4,2021-08-19 18:32:12,1629394332000,2.372069835662842,800.0
4,Bin 4,2021-08-19 18:32:14,1629394334000,3.6264345645904537,802.0
4,Bin 4,2021-08-19 18:32:17,1629394337000,1.9672131538391116,805.0
4,Bin 4,2021-08-19 18:32:19,1629394339000,3.767660856246948,807.0
4,Bin 4,2021-08-19 18:32:22,1629394342000,3.090891599655152,810.0
4,Bin 4,2021-08-19 18:32:24,1629394344000,3.1133251190185547,812.0
4,Bin 4,2021-08-19 18:32:28,1629394348000,4.628331184387207,816.0
4,Bin 4,2021-08-19 18:32:30,1629394350000,3.794804573059082,818.0
4,Bin 4,2021-08-19 18:32:34,1629394354000,3.927068710327149,822.0
4,Bin 4,2021-08-19 18:32:37,1629394357000,4.013378143310547,825.0
4,Bin 4,2021-08-19 18:32:39,1629394359000,5.378754138946533,827.0
4,Bin 4,2021-08-19 18:32:42,1629394362000,2.7752082347869877,830.0
4,Bin 4,2021-08-19 18:32:45,1629394365000,4.094305515289307,833.0
4,Bin 4,2021-08-19 18:32:48,1629394368000,4.5546231269836435,836.0
4,Bin 4,2021-08-19 18:32:51,1629394371000,2.6542799472808842,839.0
4,Bin 4,2021-08-19 18:32:54,1629394374000,4.7728142738342285,842.0
4,Bin 4,2021-08-19 18:32:57,1629394377000,3.590664386749268,845.0
4,Bin 4,2021-08-19 18:33:00,1629394380000,2.6239373683929443,848.0
4,Bin 4,2021-08-19 18:33:03,1629394383000,4.285128593444823,851.0
4,Bin 4,2021-08-19 18:33:06,1629394386000,3.917797565460205,854.0
4,Bin 4,2021-08-19 18:33:09,1629394389000,3.1969308853149414,857.0
4,Bin 4,2021-08-19 18:33:12,1629394392000,4.5132174491882315,860.0
4,Bin 4,2021-08-19 18:33:15,1629394395000,3.4015533924102783,863.0
4,Bin 4,2021-08-19 18:33:18,1629394398000,2.7316434383392334,866.0
4,Bin 4,2021-08-19 18:33:21,1629394401000,4.657259941101074,869.0
4,Bin 4,2021-08-19 18:33:23,1629394403000,3.54717755317688,871.0
4,Bin 4,2021-08-19 18:33:26,1629394406000,2.810024738311768,874.0
4,Bin 4,2021-08-19 18:33:29,1629394409000,5.600358486175537,877.0
4,Bin 4,2021-08-19 18:33:32,1629394412000,3.3665499687194824,880.0
4,Bin 4,2021-08-19 18:33:34,1629394414000,2.9554424285888667,882.0
4,Bin 4,2021-08-19 18:33:37,1629394417000,2.962962865829468,885.0
4,Bin 4,2021-08-19 18:33:39,1629394419000,3.3998427391052246,887.0
4,Bin 4,2021-08-19 18:33:42,1629394422000,4.573837757110597,890.0
4,Bin 4,2021-08-19 18:33:45,1629394425000,2.5083611011505127,893.0
4,Bin 4,2021-08-19 18:33:47,1629394427000,2.3354663848876958,895.0
4,Bin 4,2021-08-19 18:33:50,1629394430000,3.5497918128967285,898.0
4,Bin 4,2021-08-19 18:33:52,1629394432000,3.321376323699951,900.0
4,Bin 4,2021-08-19 18:33:55,1629394435000,2.1912786960601807,903.0
4,Bin 4,2021-08-19 18:33:57,1629394437000,3.106725215911865,905.0
4,Bin 4,2021-08-19 18:34:00,1629394440000,2.941176414489746,908.0
4,Bin 4,2021-08-19 18:34:03,1629394443000,3.080774068832397,911.0
4,Bin 4,2021-08-19 18:34:05,1629394445000,2.431724548339844,913.0000000000001
4,Bin 4,2021-08-19 18:34:08,1629394448000,5.086124897003174,916.0000000000001
4,Bin 4,2021-08-19 18:34:11,1629394451000,3.1802823543548584,919.0000000000001
4,Bin 4,2021-08-19 18:34:14,1629394454000,4.427806854248047,922.0000000000001
4,Bin 4,2021-08-19 18:34:16,1629394456000,3.252561330795288,924.0000000000001
4,Bin 4,2021-08-19 18:34:19,1629394459000,0.7577671408653259,927.0000000000001
4,Bin 4,2021-08-19 18:34:21,1629394461000,2.75178861618042,929.0000000000001
4,Bin 4,2021-08-19 18:34:24,1629394464000,2.30680513381958,932.0000000000001
4,Bin 4,2021-08-19 18:34:26,1629394466000,1.7738358974456787,934.0000000000001
4,Bin 4,2021-08-19 18:34:29,1629394469000,2.395470380783081,937.0000000000001
4,Bin 4,2021-08-19 18:34:31,1629394471000,2.1739130020141597,939.0000000000001
4,Bin 4,2021-08-19 18:34:34,1629394474000,2.124753475189209,942.0000000000001
4,Bin 4,2021-08-19 18:34:37,1629394477000,3.9040317535400386,945.0000000000001
4,Bin 4,2021-08-19 18:34:40,1629394480000,2.626567840576172,948.0000000000001
4,Bin 4,2021-08-19 18:34:43,1629394483000,3.6016948223114014,951.0000000000001
4,Bin 4,2021-08-19 18:34:45,1629394485000,1.3070756196975708,953.0000000000001
4,Bin 4,2021-08-19 18:34:48,1629394488000,2.9130737781524663,956.0000000000001
4,Bin 4,2021-08-19 18:34:50,1629394490000,1.307417392730713,958.0000000000001
4,Bin 4,2021-08-19 18:34:53,1629394493000,3.1275131702423096,961.0000000000001
4,Bin 4,2021-08-19 18:34:55,1629394495000,1.5771448612213137,963.0000000000001
4,Bin 4,2021-08-19 18:34:57,1629394497000,3.0599756240844727,965.0000000000001
4,Bin 4,2021-08-19 18:35:00,1629394500000,2.417210578918457,968.0000000000001
4,Bin 4,2021-08-19 18:35:02,1629394502000,3.3963546752929688,970.0000000000001
4,Bin 4,2021-08-19 18:35:05,1629394505000,3.188267230987549,973.0000000000001
4,Bin 4,2021-08-19 18:35:07,1629394507000,2.372713804244995,975.0000000000001
4,Bin 4,2021-08-19 18:35:10,1629394510000,1.9413706064224243,978.0000000000001
4,Bin 4,2021-08-19 18:35:13,1629394513000,0.8355789780616759,981.0000000000001
4,Bin 4,2021-08-19 18:35:15,1629394515000,2.5106704235076904,983.0000000000001
4,Bin 4,2021-08-19 18:35:18,1629394518000,3.2441785335540767,986.0000000000001
4,Bin 4,2021-08-19 18:35:21,1629394521000,2.2648084163665767,989.0000000000001
4,Bin 4,2021-08-19 18:35:24,1629394524000,1.8639328479766848,992.0000000000001
4,Bin 4,2021-08-19 18:35:26,1629394526000,3.502949953079224,994.0000000000001
4,Bin 4,2021-08-19 18:35:29,1629394529000,2.351238965988159,997.0000000000001
4,Bin 4,2021-08-19 18:35:32,1629394532000,1.079167723655701,1000.0000000000001
4,Bin 4,2021-08-19 18:35:35,1629394535000,2.587991714477539,1003.0000000000001
4,Bin 4,2021-08-19 18:35:37,1629394537000,2.77744722366333,1005.0000000000001
4,Bin 4,2021-08-19 18:35:40,1629394540000,3.1073055267333984,1008.0000000000001
4,Bin 4,2021-08-19 18:35:43,1629394543000,3.988604068756104,1011.0000000000001
4,Bin 4,2021-08-19 18:35:46,1629394546000,1.9170442819595337,1014.0000000000001
4,Bin 4,2021-08-19 18:35:49,1629394549000,3.6062026023864746,1017.0000000000001
4,Bin 4,2021-08-19 18:35:52,1629394552000,3.6384427547454834,1020.0000000000001
4,Bin 4,2021-08-19 18:35:54,1629394554000,2.183709621429444,1022.0000000000001
4,Bin 4,2021-08-19 18:35:57,1629394557000,1.55297589302063,1025.0
4,Bin 4,2021-08-19 18:35:59,1629394559000,2.1491048336029053,1027.0
4,Bin 4,2021-08-19 18:36:02,1629394562000,2.8587763309478764,1030.0
4,Bin 4,2021-08-19 18:36:05,1629394565000,2.4927294254302983,1033.0
4,Bin 4,2021-08-19 18:36:07,1629394567000,1.5974075794219968,1035.0
4,Bin 4,2021-08-19 18:36:09,1629394569000,1.6897600889205933,1037.0
4,Bin 4,2021-08-19 18:36:12,1629394572000,2.0729684829711914,1040.0
4,Bin 4,2021-08-19 18:36:14,1629394574000,1.7248176336288452,1042.0
4,Bin 4,2021-08-19 18:36:17,1629394577000,2.8864192962646484,1045.0
4,Bin 4,2021-08-19 18:36:19,1629394579000,2.1818182468414307,1047.0
4,Bin 4,2021-08-19 18:36:22,1629394582000,1.8274853229522705,1050.0
4,Bin 4,2021-08-19 18:36:24,1629394584000,3.198099374771118,1052.0
4,Bin 4,2021-08-19 18:36:27,1629394587000,2.204585552215576,1055.0
4,Bin 4,2021-08-19 18:36:29,1629394589000,1.5521063804626465,1057.0
4,Bin 4,2021-08-19 18:36:32,1629394592000,1.9934036731719968,1060.0
4,Bin 4,2021-08-19 18:36:35,1629394595000,2.521725654602051,1063.0
4,Bin 4,2021-08-19 18:36:38,1629394598000,3.874967813491821,1066.0
4,Bin 4,2021-08-19 18:36:41,1629394601000,3.407606601715088,1069.0
4,Bin 4,2021-08-19 18:36:44,1629394604000,2.776116847991944,1072.0
4,Bin 4,2021-08-19 18:36:47,1629394607000,3.050330400466919,1075.0
4,Bin 4,2021-08-19 18:36:49,1629394609000,2.181847095489502,1077.0
4,Bin 4,2021-08-19 18:36:52,1629394612000,1.6741071939468384,1080.0
4,Bin 4,2021-08-19 18:36:55,1629394615000,3.0432136058807373,1083.0
4,Bin 4,2021-08-19 18:36:58,1629394618000,1.823361873626709,1086.0
4,Bin 4,2021-08-19 18:37:00,1629394620000,1.5176810026168823,1088.0
4,Bin 4,2021-08-19 18:37:03,1629394623000,1.5711412429809568,1091.0
4,Bin 4,2021-08-19 18:37:06,1629394626000,2.9513034820556636,1094.0
4,Bin 4,2021-08-19 18:37:09,1629394629000,2.5584170818328857,1097.0
4,Bin 4,2021-08-19 18:37:11,1629394631000,2.1545686721801762,1099.0
4,Bin 4,2021-08-19 18:37:14,1629394634000,1.8402650356292725,1102.0
4,Bin 4,2021-08-19 18:37:16,1629394636000,1.7579712867736816,1104.0
4,Bin 4,2021-08-19 18:37:19,1629394639000,2.0057051181793213,1107.0
4,Bin 4,2021-08-19 18:37:21,1629394641000,1.8327698707580569,1109.0
4,Bin 4,2021-08-19 18:37:24,1629394644000,2.403846263885498,1112.0
4,Bin 4,2021-08-19 18:37:27,1629394647000,1.422171711921692,1115.0
4,Bin 4,2021-08-19 18:37:30,1629394650000,2.8704094886779785,1118.0
4,Bin 4,2021-08-19 18:37:33,1629394653000,1.6487743854522705,1121.0
4,Bin 4,2021-08-19 18:37:35,1629394655000,2.810680627822876,1123.0
4,Bin 4,2021-08-19 18:37:38,1629394658000,1.2298825979232788,1126.0
4,Bin 4,2021-08-19 18:37:41,1629394661000,1.6949152946472168,1129.0
4,Bin 4,2021-08-19 18:37:44,1629394664000,2.492344856262207,1132.0
4,Bin 4,2021-08-19 18:37:47,1629394667000,1.8908140659332275,1135.0
4,Bin 4,2021-08-19 18:37:50,1629394670000,1.6276041269302368,1138.0
4,Bin 4,2021-08-19 18:37:53,1629394673000,1.6114736795425415,1141.0
4,Bin 4,2021-08-19 18:37:55,1629394675000,3.2488629817962646,1143.0
4,Bin 4,2021-08-19 18:37:57,1629394677000,2.9385170936584477,1145.0
4,Bin 4,2021-08-19 18:38:00,1629394680000,1.730103850364685,1148.0
4,Bin 4,2021-08-19 18:38:02,1629394682000,2.7534303665161133,1150.0
4,Bin 4,2021-08-19 18:38:05,1629394685000,1.634826421737671,1153.0
4,Bin 4,2021-08-19 18:38:08,1629394688000,1.4168893098831177,1156.0
4,Bin 4,2021-08-19 18:38:11,1629394691000,2.3231709003448486,1159.0
4,Bin 4,2021-08-19 18:38:13,1629394693000,1.9035532474517824,1161.0
4,Bin 4,2021-08-19 18:38:16,1629394696000,2.278423309326172,1164.0
4,Bin 4,2021-08-19 18:38:18,1629394698000,1.295224905014038,1166.0
4,Bin 4,2021-08-19 18:38:21,1629394701000,1.919999957084656,1169.0
4,Bin 4,2021-08-19 18:38:23,1629394703000,1.4492753744125366,1171.0
4,Bin 4,2021-08-19 18:38:26,1629394706000,1.9894163608551023,1174.0
4,Bin 4,2021-08-19 18:38:28,1629394708000,1.934712290763855,1176.0
4,Bin 4,2021-08-19 18:38:31,1629394711000,1.3520822525024414,1179.0
4,Bin 4,2021-08-19 18:38:34,1629394714000,2.1220440864562993,1182.0
4,Bin 4,2021-08-19 18:38:37,1629394717000,1.7365131378173828,1185.0
4,Bin 4,2021-08-19 18:38:40,1629394720000,0.9306134581565856,1188.0
4,Bin 4,2021-08-19 18:38:42,1629394722000,0.4002721905708313,1190.0
4,Bin 4,2021-08-19 18:38:45,1629394725000,1.4444307088851929,1193.0
4,Bin 4,2021-08-19 18:38:47,1629394727000,2.1929824352264404,1195.0
4,Bin 4,2021-08-19 18:38:50,1629394730000,0.6882944107055664,1198.0
4,Bin 4,2021-08-19 18:38:52,1629394732000,1.4797903299331665,1200.0
4,Bin 4,2021-08-19 18:38:55,1629394735000,1.1562297344207764,1203.0
4,Bin 4,2021-08-19 18:38:57,1629394737000,2.3316001892089844,1205.0
4,Bin 4,2021-08-19 18:39:00,1629394740000,1.1786059141159058,1208.0
4,Bin 4,2021-08-19 18:39:02,1629394742000,2.150768995285034,1210.0
4,Bin 4,2021-08-19 18:39:05,1629394745000,1.5560396909713743,1213.0
4,Bin 4,2021-08-19 18:39:08,1629394748000,0.6612116694450378,1216.0
4,Bin 4,2021-08-19 18:39:11,1629394751000,1.4293881654739382,1219.0
4,Bin 4,2021-08-19 18:39:14,1629394754000,1.7174752950668335,1222.0
4,Bin 4,2021-08-19 18:39:17,1629394757000,2.1324234008789062,1225.0
4,Bin 4,2021-08-19 18:39:20,1629394760000,1.2179419994354248,1228.0
4,Bin 4,2021-08-19 18:39:23,1629394763000,3.1200103759765625,1231.0
4,Bin 4,2021-08-19 18:39:26,1629394766000,1.698113203048706,1234.0
4,Bin 4,2021-08-19 18:39:28,1629394768000,0.39669945836067205,1236.0
4,Bin 4,2021-08-19 18:39:31,1629394771000,1.4803849458694458,1239.0
4,Bin 4,2021-08-19 18:39:34,1629394774000,1.6047242879867554,1242.0
4,Bin 4,2021-08-19 18:39:37,1629394777000,1.013479232788086,1245.0
4,Bin 4,2021-08-19 18:39:40,1629394780000,2.345765829086304,1248.0
4,Bin 4,2021-08-19 18:39:43,1629394783000,2.009683132171631,1251.0
4,Bin 4,2021-08-19 18:39:46,1629394786000,1.9966963529586792,1254.0
4,Bin 4,2021-08-19 18:39:48,1629394788000,2.2044639587402344,1256.0
4,Bin 4,2021-08-19 18:39:51,1629394791000,1.487210035324097,1259.0
4,Bin 4,2021-08-19 18:39:54,1629394794000,0.2124585658311844,1262.0
4,Bin 4,2021-08-19 18:39:56,1629394796000,0.456246018409729,1264.0
4,Bin 4,2021-08-19 18:39:58,1629394798000,1.2077294588088991,1266.0
4,Bin 4,2021-08-19 18:40:01,1629394801000,1.5297203063964844,1269.0
4,Bin 4,2021-08-19 18:40:03,1629394803000,1.4324594736099243,1271.0
4,Bin 4,2021-08-19 18:40:06,1629394806000,1.7577340602874756,1274.0
4,Bin 4,2021-08-19 18:40:08,1629394808000,2.1288673877716064,1276.0
4,Bin 4,2021-08-19 18:40:11,1629394811000,0.6246876716613771,1279.0
4,Bin 4,2021-08-19 18:40:14,1629394814000,1.0745755434036257,1282.0
4,Bin 4,2021-08-19 18:40:17,1629394817000,2.1257374286651607,1285.0
4,Bin 4,2021-08-19 18:40:19,1629394819000,1.890716552734375,1287.0
4,Bin 4,2021-08-19 18:40:22,1629394822000,1.2309459447860718,1290.0
4,Bin 4,2021-08-19 18:40:24,1629394824000,2.056497573852539,1292.0
4,Bin 4,2021-08-19 18:40:27,1629394827000,1.1558021306991575,1295.0
4,Bin 4,2021-08-19 18:40:30,1629394830000,1.349085569381714,1298.0
4,Bin 4,2021-08-19 18:40:33,1629394833000,2.098268985748291,1301.0
4,Bin 4,2021-08-19 18:40:36,1629394836000,2.050966501235962,1304.0
4,Bin 4,2021-08-19 18:40:39,1629394839000,1.4930944442749023,1307.0
4,Bin 4,2021-08-19 18:40:42,1629394842000,2.0984663963317867,1310.0
4,Bin 4,2021-08-19 18:40:44,1629394844000,2.229654312133789,1312.0
4,Bin 4,2021-08-19 18:40:47,1629394847000,0.9456980228424072,1315.0
4,Bin 4,2021-08-19 18:40:50,1629394850000,2.57229995727539,1318.0
4,Bin 4,2021-08-19 18:40:53,1629394853000,1.7445363998413086,1321.0
4,Bin 4,2021-08-19 18:40:56,1629394856000,1.923816800117493,1324.0
4,Bin 4,2021-08-19 18:40:58,1629394858000,2.3836352825164795,1326.0
4,Bin 4,2021-08-19 18:41:01,1629394861000,1.3714733123779297,1329.0
4,Bin 4,2021-08-19 18:41:04,1629394864000,1.470588207244873,1332.0
4,Bin 4,2021-08-19 18:41:06,1629394866000,1.5732547044754028,1334.0
4,Bin 4,2021-08-19 18:41:09,1629394869000,2.200704336166382,1337.0
4,Bin 4,2021-08-19 18:41:12,1629394872000,2.313055515289306,1340.0
4,Bin 4,2021-08-19 18:41:15,1629394875000,0.9307737350463868,1343.0
4,Bin 4,2021-08-19 18:41:17,1629394877000,2.089718580245972,1345.0
4,Bin 4,2021-08-19 18:41:20,1629394880000,2.327437162399292,1348.0
4,Bin 4,2021-08-19 18:41:23,1629394883000,0.9456980228424072,1351.0
4,Bin 4,2021-08-19 18:41:26,1629394886000,0.9439527988433838,1354.0
4,Bin 4,2021-08-19 18:41:28,1629394888000,0.924000918865204,1356.0
4,Bin 4,2021-08-19 18:41:31,1629394891000,1.3840510845184326,1359.0
4,Bin 4,2021-08-19 18:41:33,1629394893000,1.8580453395843504,1361.0
4,Bin 4,2021-08-19 18:41:36,1629394896000,1.2294074296951294,1364.0
4,Bin 4,2021-08-19 18:41:39,1629394899000,1.8468925952911377,1367.0
4,Bin 4,2021-08-19 18:41:42,1629394902000,0.9515472054481506,1370.0
4,Bin 4,2021-08-19 18:41:44,1629394904000,1.3786040544509888,1372.0
4,Bin 4,2021-08-19 18:41:47,1629394907000,0.4443852007389069,1375.0
4,Bin 4,2021-08-19 18:41:50,1629394910000,1.8439978361129759,1378.0
4,Bin 4,2021-08-19 18:41:52,1629394912000,1.3717421293258667,1380.0
4,Bin 4,2021-08-19 18:41:55,1629394915000,1.215911030769348,1383.0
4,Bin 4,2021-08-19 18:41:58,1629394918000,1.8491123914718628,1386.0
4,Bin 4,2021-08-19 18:42:01,1629394921000,1.9974033832550049,1389.0
4,Bin 4,2021-08-19 18:42:03,1629394923000,0.6849315166473389,1391.0
4,Bin 4,2021-08-19 18:42:06,1629394926000,0.9482088088989258,1394.0
4,Bin 4,2021-08-19 18:42:09,1629394929000,2.47007417678833,1397.0
4,Bin 4,2021-08-19 18:42:11,1629394931000,1.7421603202819824,1399.0
4,Bin 4,2021-08-19 18:42:14,1629394934000,1.5745551586151123,1402.0
4,Bin 4,2021-08-19 18:42:16,1629394936000,0.9058791399002076,1404.0
4,Bin 4,2021-08-19 18:42:19,1629394939000,1.080987572669983,1407.0
4,Bin 4,2021-08-19 18:42:22,1629394942000,1.7094017267227173,1410.0
4,Bin 4,2021-08-19 18:42:25,1629394945000,1.3722833395004272,1413.0
4,Bin 4,2021-08-19 18:42:28,1629394948000,1.940334677696228,1416.0
4,Bin 4,2021-08-19 18:42:31,1629394951000,0.8561277389526367,1419.0
4,Bin 4,2021-08-19 18:42:34,1629394954000,0.7384433746337891,1422.0
4,Bin 4,2021-08-19 18:42:36,1629394956000,0.43932870030403137,1424.0
4,Bin 4,2021-08-19 18:42:39,1629394959000,0.32705390453338623,1427.0
4,Bin 4,2021-08-19 18:42:42,1629394962000,0.20903010666370392,1430.0
4,Bin 4,2021-08-19 18:42:44,1629394964000,1.3226929903030396,1432.0
4,Bin 4,2021-08-19 18:42:47,1629394967000,1.4318442344665527,1435.0
4,Bin 4,2021-08-19 18:42:50,1629394970000,0.4478815197944641,1438.0
4,Bin 4,2021-08-19 18:42:53,1629394973000,0.5122950673103333,1441.0
4,Bin 4,2021-08-19 18:42:55,1629394975000,0.9484426379203796,1443.0
4,Bin 4,2021-08-19 18:42:59,1629394979000,1.7021540403366089,1447.0
4,Bin 4,2021-08-19 18:43:01,1629394981000,1.0105910301208496,1449.0
4,Bin 4,2021-08-19 18:43:04,1629394984000,0.6170554161071777,1452.0
4,Bin 4,2021-08-19 18:43:07,1629394987000,1.1784511804580688,1455.0
4,Bin 4,2021-08-19 18:43:10,1629394990000,1.5015015602111816,1458.0
4,Bin 4,2021-08-19 18:43:12,1629394992000,0.8361204266548157,1460.0
4,Bin 4,2021-08-19 18:43:15,1629394995000,1.518504023551941,1463.0
4,Bin 4,2021-08-19 18:43:18,1629394998000,2.09314489364624,1466.0
4,Bin 4,2021-08-19 18:43:21,1629395001000,1.831032395362854,1469.0
4,Bin 4,2021-08-19 18:43:23,1629395003000,1.3345344066619873,1471.0
4,Bin 4,2021-08-19 18:43:26,1629395006000,0.6077303290367126,1474.0
4,Bin 4,2021-08-19 18:43:29,1629395009000,1.3242110013961792,1477.0
4,Bin 4,2021-08-19 18:43:32,1629395012000,1.2486473321914673,1480.0
4,Bin 4,2021-08-19 18:43:35,1629395015000,0.7073261141777039,1483.0
4,Bin 4,2021-08-19 18:43:37,1629395017000,1.7449723482131958,1485.0
4,Bin 4,2021-08-19 18:43:40,1629395020000,0.9137426614761353,1488.0
4,Bin 4,2021-08-19 18:43:43,1629395023000,0.7532531023025513,1491.0
4,Bin 4,2021-08-19 18:43:45,1629395025000,0.5833738446235657,1493.0
4,Bin 4,2021-08-19 18:43:48,1629395028000,0.9268871545791626,1496.0
4,Bin 4,2021-08-19 18:43:50,1629395030000,0.8561277389526367,1498.0
4,Bin 4,2021-08-19 18:43:53,1629395033000,1.6685205698013306,1501.0
4,Bin 4,2021-08-19 18:43:56,1629395036000,0.1997443288564682,1504.0
4,Bin 4,2021-08-19 18:43:58,1629395038000,0.7896711230278015,1506.0
4,Bin 4,2021-08-19 18:44:01,1629395041000,1.5120749473571775,1509.0
4,Bin 4,2021-08-19 18:44:05,1629395045000,1.62418794631958,1513.0
4,Bin 4,2021-08-19 18:44:07,1629395047000,0.7400007247924805,1515.0
4,Bin 4,2021-08-19 18:44:10,1629395050000,1.1337867975234983,1518.0
4,Bin 4,2021-08-19 18:44:13,1629395053000,0.649350643157959,1521.0
4,Bin 4,2021-08-19 18:44:15,1629395055000,1.4499057531356812,1523.0
4,Bin 4,2021-08-19 18:44:17,1629395057000,1.2113137245178225,1525.0
4,Bin 4,2021-08-19 18:44:20,1629395060000,0.7698525786399841,1528.0
4,Bin 4,2021-08-19 18:44:23,1629395063000,0.8614934086799622,1531.0
4,Bin 4,2021-08-19 18:44:25,1629395065000,1.2787723541259766,1533.0
4,Bin 4,2021-08-19 18:44:28,1629395068000,0.6478781700134277,1536.0
4,Bin 4,2021-08-19 18:44:31,1629395071000,1.391465663909912,1539.0
4,Bin 4,2021-08-19 18:44:34,1629395074000,0.8725394606590271,1542.0
4,Bin 4,2021-08-19 18:44:36,1629395076000,1.505570650100708,1544.0
4,Bin 4,2021-08-19 18:44:39,1629395079000,1.2664639949798584,1547.0
4,Bin 4,2021-08-19 18:44:42,1629395082000,0.7906388640403748,1550.0
4,Bin 4,2021-08-19 18:44:45,1629395085000,1.3124220371246338,1553.0
4,Bin 4,2021-08-19 18:44:48,1629395088000,0.9883864521980286,1556.0
4,Bin 4,2021-08-19 18:44:51,1629395091000,0.16910172998905182,1559.0
4,Bin 4,2021-08-19 18:44:53,1629395093000,1.4225256443023682,1561.0
4,Bin 4,2021-08-19 18:44:56,1629395096000,0.5040322542190552,1564.0
4,Bin 4,2021-08-19 18:44:59,1629395099000,0.7489795088768005,1567.0
4,Bin 4,2021-08-19 18:45:02,1629395102000,0.8777473568916321,1570.0
4,Bin 4,2021-08-19 18:45:04,1629395104000,0.6802027225494385,1572.0
4,Bin 4,2021-08-19 18:45:07,1629395107000,1.2260267734527588,1575.0
4,Bin 4,2021-08-19 18:45:10,1629395110000,0.4215851724147797,1578.0
4,Bin 4,2021-08-19 18:45:12,1629395112000,0.8259854912757874,1580.0
4,Bin 4,2021-08-19 18:45:15,1629395115000,0.44603031873703,1583.0
4,Bin 4,2021-08-19 18:45:17,1629395117000,0.4329004287719727,1585.0
4,Bin 4,2021-08-19 18:45:20,1629395120000,0.6266449689865112,1588.0
4,Bin 4,2021-08-19 18:45:22,1629395122000,0.44678759574890137,1590.0
4,Bin 4,2021-08-19 18:45:25,1629395125000,0.7676246762275696,1593.0
4,Bin 4,2021-08-19 18:45:28,1629395128000,1.0141987800598145,1596.0
4,Bin 4,2021-08-19 18:45:31,1629395131000,0.621375322341919,1599.0
4,Bin 4,2021-08-19 18:45:34,1629395134000,0.42309537529945374,1602.0
4,Bin 4,2021-08-19 18:45:37,1629395137000,1.2764599323272705,1605.0
4,Bin 4,2021-08-19 18:45:40,1629395140000,0.3419329524040222,1608.0
4,Bin 4,2021-08-19 18:45:43,1629395143000,0.8280339241027832,1611.0
4,Bin 4,2021-08-19 18:45:45,1629395145000,0.9208527207374572,1613.0
4,Bin 4,2021-08-19 18:45:47,1629395147000,1.155001163482666,1615.0
4,Bin 4,2021-08-19 18:45:50,1629395150000,0.5857544541358948,1618.0
4,Bin 4,2021-08-19 18:45:53,1629395153000,0.7742934823036194,1621.0
4,Bin 4,2021-08-19 18:45:56,1629395156000,0.0,1624.0
4,Bin 4,2021-08-19 18:45:59,1629395159000,1.0797970294952393,1627.0
4,Bin 4,2021-08-19 18:46:02,1629395162000,0.9930486679077148,1630.0
4,Bin 4,2021-08-19 18:46:05,1629395165000,1.1655011177062988,1633.0
4,Bin 4,2021-08-19 18:46:08,1629395168000,1.0441371202468872,1636.0
4,Bin 4,2021-08-19 18:46:11,1629395171000,1.6976487636566162,1639.0
4,Bin 4,2021-08-19 18:46:13,1629395173000,0.7188038825988771,1641.0
4,Bin 4,2021-08-19 18:46:16,1629395176000,1.9932671785354612,1644.0
4,Bin 4,2021-08-19 18:46:18,1629395178000,0.8802042007446289,1646.0
4,Bin 4,2021-08-19 18:46:21,1629395181000,1.1086474657058716,1649.0
4,Bin 4,2021-08-19 18:46:23,1629395183000,1.7381564378738403,1651.0
4,Bin 4,2021-08-19 18:46:26,1629395186000,1.077779769897461,1654.0
4,Bin 4,2021-08-19 18:46:29,1629395189000,0.5004504323005676,1657.0
4,Bin 4,2021-08-19 18:46:32,1629395192000,1.0924186706542969,1660.0
4,Bin 4,2021-08-19 18:46:34,1629395194000,0.6895759105682373,1662.0
4,Bin 4,2021-08-19 18:46:37,1629395197000,0.7139797210693359,1665.0
4,Bin 4,2021-08-19 18:46:40,1629395200000,0.5000500082969666,1668.0
4,Bin 4,2021-08-19 18:46:43,1629395203000,0.427642822265625,1671.0
4,Bin 4,2021-08-19 18:46:45,1629395205000,0.6756756901741028,1673.0
4,Bin 4,2021-08-19 18:46:47,1629395207000,0.4542357623577118,1675.0
4,Bin 4,2021-08-19 18:46:50,1629395210000,0.4378667175769806,1678.0
4,Bin 4,2021-08-19 18:46:52,1629395212000,0.6115459799766539,1680.0
4,Bin 4,2021-08-19 18:46:55,1629395215000,0.5163511037826538,1683.0
4,Bin 4,2021-08-19 18:46:58,1629395218000,0.8036969900131226,1686.0
4,Bin 4,2021-08-19 18:47:01,1629395221000,0.4098024666309357,1689.0
4,Bin 4,2021-08-19 18:47:03,1629395223000,0.5904582142829895,1691.0
4,Bin 4,2021-08-19 18:47:06,1629395226000,0.3783149719238281,1694.0
4,Bin 4,2021-08-19 18:47:09,1629395229000,0.8019503355026245,1697.0
4,Bin 4,2021-08-19 18:47:12,1629395232000,0.19735543429851526,1700.0
4,Bin 4,2021-08-19 18:47:14,1629395234000,0.21286559104919436,1702.0
4,Bin 4,2021-08-19 18:47:17,1629395237000,1.0026235580444336,1705.0
4,Bin 4,2021-08-19 18:47:20,1629395240000,1.3313215970993042,1708.0
4,Bin 4,2021-08-19 18:47:22,1629395242000,0.8771929740905762,1710.0
4,Bin 4,2021-08-19 18:47:25,1629395245000,0.6552221179008484,1713.0
4,Bin 4,2021-08-19 18:47:27,1629395247000,0.5805178284645081,1715.0
4,Bin 4,2021-08-19 18:47:30,1629395250000,0.4405803978443146,1718.0
4,Bin 4,2021-08-19 18:47:34,1629395254000,0.5707518458366394,1722.0
4,Bin 4,2021-08-19 18:47:37,1629395257000,0.3459010720252991,1725.0
4,Bin 4,2021-08-19 18:47:39,1629395259000,0.4512635469436646,1727.0
4,Bin 4,2021-08-19 18:47:42,1629395262000,0.18376609683036804,1730.0
4,Bin 4,2021-08-19 18:47:45,1629395265000,1.0656436681747437,1733.0
4,Bin 4,2021-08-19 18:47:47,1629395267000,0.20875954627990725,1735.0
4,Bin 4,2021-08-19 18:47:50,1629395270000,1.3369239568710327,1738.0
4,Bin 4,2021-08-19 18:47:53,1629395273000,0.9597665667533876,1741.0
4,Bin 4,2021-08-19 18:47:55,1629395275000,0.5742396116256714,1743.0
4,Bin 4,2021-08-19 18:47:58,1629395278000,0.37565740942955017,1746.0
4,Bin 4,2021-08-19 18:48:01,1629395281000,0.3493693768978119,1749.0
4,Bin 4,2021-08-19 18:48:03,1629395283000,0.19379845261573792,1751.0
4,Bin 4,2021-08-19 18:48:06,1629395286000,0.9240094423294068,1754.0
4,Bin 4,2021-08-19 18:48:09,1629395289000,0.7204481363296509,1757.0
4,Bin 4,2021-08-19 18:48:12,1629395292000,1.2106537818908691,1760.0
4,Bin 4,2021-08-19 18:48:14,1629395294000,0.21564272046089167,1762.0
4,Bin 4,2021-08-19 18:48:17,1629395297000,0.8670018911361694,1765.0
4,Bin 4,2021-08-19 18:48:19,1629395299000,0.8745463490486145,1767.0
4,Bin 4,2021-08-19 18:48:22,1629395302000,0.6288121938705444,1770.0
4,Bin 4,2021-08-19 18:48:24,1629395304000,0.2042483687400818,1772.0
4,Bin 4,2021-08-19 18:48:27,1629395307000,0.21362043917179108,1775.0
4,Bin 4,2021-08-19 18:48:29,1629395309000,0.462160587310791,1777.0
4,Bin 4,2021-08-19 18:48:32,1629395312000,0.21622556447982788,1780.0
4,Bin 4,2021-08-19 18:48:35,1629395315000,0.3997281789779663,1783.0
4,Bin 4,2021-08-19 18:48:37,1629395317000,0.6167889833450317,1785.0
4,Bin 4,2021-08-19 18:48:40,1629395320000,1.3679890632629397,1788.0
4,Bin 4,2021-08-19 18:48:42,1629395322000,1.2674270868301392,1790.0
4,Bin 4,2021-08-19 18:48:45,1629395325000,0.7298204898834229,1793.0
4,Bin 4,2021-08-19 18:48:47,1629395327000,0.4856254756450653,1795.0
4,Bin 4,2021-08-19 18:48:50,1629395330000,0.7561436891555786,1798.0
4,Bin 4,2021-08-19 18:48:52,1629395332000,0.2515723407268524,1800.0
4,Bin 4,2021-08-19 18:48:55,1629395335000,0.7188383340835571,1803.0
4,Bin 4,2021-08-19 18:48:57,1629395337000,0.4645113348960877,1805.0
4,Bin 4,2021-08-19 18:49:00,1629395340000,0.6907985806465149,1808.0
4,Bin 4,2021-08-19 18:49:02,1629395342000,0.4603415727615357,1810.0
4,Bin 4,2021-08-19 18:49:05,1629395345000,0.4520795643329621,1813.0
4,Bin 4,2021-08-19 18:49:07,1629395347000,0.450450450181961,1815.0
4,Bin 4,2021-08-19 18:49:10,1629395350000,1.4166312217712402,1818.0
4,Bin 4,2021-08-19 18:49:12,1629395352000,0.20391933619976044,1820.0
4,Bin 4,2021-08-19 18:49:15,1629395355000,0.20812520384788516,1823.0
4,Bin 4,2021-08-19 18:49:18,1629395358000,0.9075068831443788,1826.0000000000002
4,Bin 4,2021-08-19 18:49:20,1629395360000,0.5980861186981201,1828.0000000000002
4,Bin 4,2021-08-19 18:49:23,1629395363000,0.0,1831.0000000000002
4,Bin 4,2021-08-19 18:49:26,1629395366000,1.3321914672851562,1834.0000000000002
4,Bin 4,2021-08-19 18:49:29,1629395369000,0.19157087802886966,1837.0000000000002
4,Bin 4,2021-08-19 18:49:31,1629395371000,0.5409303903579712,1839.0000000000002
4,Bin 4,2021-08-19 18:49:35,1629395375000,0.15127448737621307,1843.0000000000002
